{
  "meta": {
    "source": "data/worldcup/hist_score_priors.json global PMF",
    "scope": "FIFA World Cup regulation-time scores normalized to the 0-5 exact-score matrix",
    "generated_for": "Poisson + Elo + FIFA prior exact-score generator"
  },
  "scores": {
    "0-0": 0.08557046979865775,
    "0-1": 0.07466442953020136,
    "0-2": 0.042785234899328874,
    "0-3": 0.026006711409395977,
    "0-4": 0.006711409395973156,
    "0-5": 0.005872483221476512,
    "1-0": 0.11157718120805372,
    "1-1": 0.11241610738255037,
    "1-2": 0.050335570469798675,
    "1-3": 0.017617449664429536,
    "1-4": 0.010067114093959734,
    "1-5": 0.003355704697986578,
    "2-0": 0.07634228187919466,
    "2-1": 0.10151006711409398,
    "2-2": 0.04194630872483223,
    "2-3": 0.012583892617449669,
    "2-4": 0.003355704697986578,
    "2-5": 0.0025167785234899336,
    "3-0": 0.04194630872483223,
    "3-1": 0.052013422818791955,
    "3-2": 0.030201342281879207,
    "3-3": 0.008389261744966445,
    "3-4": 0.0,
    "3-5": 0.0,
    "4-0": 0.025167785234899338,
    "4-1": 0.023489932885906048,
    "4-2": 0.01090604026845638,
    "4-3": 0.0008389261744966445,
    "4-4": 0.001677852348993289,
    "4-5": 0.0,
    "5-0": 0.007550335570469802,
    "5-1": 0.004194630872483222,
    "5-2": 0.007550335570469802,
    "5-3": 0.0008389261744966445,
    "5-4": 0.0,
    "5-5": 0.0
  }
}
